Movie Name,Image Link
Eurovision Song Contest: The Story of Fire Saga,"https://m.media-amazon.com/images/M/MV5BYzRjYzA5NTQtOTE3MC00OTYzLWEzODItMzQxYWE1NDJkMDA0XkEyXkFqcGdeQXVyMTkxNjUyNQ@@._V1_UY67_CR0,0,45,67_AL_.jpg"
Hamilton,"https://m.media-amazon.com/images/M/MV5BNjViNWRjYWEtZTI0NC00N2E3LTk0NGQtMjY4NTM3OGNkZjY0XkEyXkFqcGdeQXVyMjUxMTY3ODM@._V1_UY67_CR0,0,45,67_AL_.jpg"
365 dni,"https://m.media-amazon.com/images/M/MV5BODljZTM3ODAtMDc0YS00NmI4LTlmZTUtM2I5MDAzNTQxZmMxXkEyXkFqcGdeQXVyMTEwMTY3NDI@._V1_UY67_CR1,0,45,67_AL_.jpg"
Knives Out,"https://m.media-amazon.com/images/M/MV5BMGUwZjliMTAtNzAxZi00MWNiLWE2NzgtZGUxMGQxZjhhNDRiXkEyXkFqcGdeQXVyNjU1NzU3MzE@._V1_UY67_CR0,0,45,67_AL_.jpg"
Love,"https://m.media-amazon.com/images/M/MV5BMTQzNDUwODk5NF5BMl5BanBnXkFtZTgwNzA0MDQ2NTE@._V1_UY67_CR1,0,45,67_AL_.jpg"
Doctor Sleep,"https://m.media-amazon.com/images/M/MV5BYmY3NGJlYTItYmQ4OS00ZTEwLWIzODItMjMzNWU2MDE0NjZhXkEyXkFqcGdeQXVyMzQzMDA3MTI@._V1_UY67_CR0,0,45,67_AL_.jpg"
Irresistible,"https://m.media-amazon.com/images/M/MV5BYTVhMDIwOGEtMTY1Zi00YzU1LTk0NTEtMWJhODhmM2EyM2VkXkEyXkFqcGdeQXVyMDA4NzMyOA@@._V1_UY67_CR4,0,45,67_AL_.jpg"
The Tax Collector,"https://m.media-amazon.com/images/M/MV5BMmFmZTdhYmItNjIyZS00ZjVlLWFjZjgtMjMyMDA5ZmVjNzE0XkEyXkFqcGdeQXVyMDM2NDM2MQ@@._V1_UY67_CR0,0,45,67_AL_.jpg"
The Old Guard,"https://m.media-amazon.com/images/M/MV5BNDJiZDliZDAtMjc5Yy00MzVhLThkY2MtNDYwNTQ2ZTM5MDcxXkEyXkFqcGdeQXVyMDA4NzMyOA@@._V1_UY67_CR0,0,45,67_AL_.jpg"
Feel the Beat,"https://m.media-amazon.com/images/M/MV5BMmIxZWMxYjktZWY1OS00MWVkLTljZDQtYWMxYTdmOWY0NzM4XkEyXkFqcGdeQXVyODc0OTEyNDU@._V1_UY67_CR0,0,45,67_AL_.jpg"
My Spy,"https://m.media-amazon.com/images/M/MV5BNzMyOWRjYjUtMjc2OC00MWUyLWEzODktYWZlZDYxYjk4MDViXkEyXkFqcGdeQXVyODE0OTU5Nzg@._V1_UY67_CR0,0,45,67_AL_.jpg"
Greenland,"https://m.media-amazon.com/images/M/MV5BMzcyMzU4MDUtM2JhOC00ZDg2LTg5MGMtZjc2OGMyMjhlMGE2XkEyXkFqcGdeQXVyMTkxNjUyNQ@@._V1_UY67_CR0,0,45,67_AL_.jpg"
Tenet,"https://m.media-amazon.com/images/M/MV5BOGJmZjcxNTAtYjViZS00YzJmLTlkMzgtZmVkYTQ5YjUwMjIyXkEyXkFqcGdeQXVyNjMwMzc3MjE@._V1_UY67_CR0,0,45,67_AL_.jpg"
Respect,"https://m.media-amazon.com/images/M/MV5BNWU2NTZkNzktYjU3OS00MWE0LTgxN2ItNDU5MzM0NmM3OTdjXkEyXkFqcGdeQXVyODk2NDQ3MTA@._V1_UY67_CR4,0,45,67_AL_.jpg"
Once Upon a Time... in Hollywood,"https://m.media-amazon.com/images/M/MV5BOTg4ZTNkZmUtMzNlZi00YmFjLTk1MmUtNWQwNTM0YjcyNTNkXkEyXkFqcGdeQXVyNjg2NjQwMDQ@._V1_UY67_CR0,0,45,67_AL_.jpg"
The King of Staten Island,"https://m.media-amazon.com/images/M/MV5BYzkxMzMzOTgtNmZhMS00MGM0LTk3MzUtMjE1MzI4MzU5ZjkzXkEyXkFqcGdeQXVyMDA4NzMyOA@@._V1_UX45_CR0,0,45,67_AL_.jpg"
The Outpost,"https://m.media-amazon.com/images/M/MV5BNWYyMzNjY2EtODVmYi00ODBmLWIyNGMtNDdhMGViY2RhNjcxXkEyXkFqcGdeQXVyNDExMzMxNjE@._V1_UY67_CR0,0,45,67_AL_.jpg"
Artemis Fowl,"https://m.media-amazon.com/images/M/MV5BYWFmYjBiYzItYjBlOS00NThkLTljMWEtYzQ4NTdlNDlmMjg0XkEyXkFqcGdeQXVyMTEyMjM2NDc2._V1_UY67_CR0,0,45,67_AL_.jpg"
The Gentlemen,"https://m.media-amazon.com/images/M/MV5BMTlkMmVmYjktYTc2NC00ZGZjLWEyOWUtMjc2MDMwMjQwOTA5XkEyXkFqcGdeQXVyNTI4MzE4MDU@._V1_UY67_CR0,0,45,67_AL_.jpg"
Bulbbul,"https://m.media-amazon.com/images/M/MV5BMGQzYzFkMDYtYTNmZi00MDQ0LWFjZjItZjE3NGJjNjllY2UxXkEyXkFqcGdeQXVyMjUxMTY3ODM@._V1_UY67_CR0,0,45,67_AL_.jpg"
Gisaengchung,"https://m.media-amazon.com/images/M/MV5BYWZjMjk3ZTItODQ2ZC00NTY5LWE0ZDYtZTI3MjcwN2Q5NTVkXkEyXkFqcGdeQXVyODk4OTc3MTY@._V1_UY67_CR0,0,45,67_AL_.jpg"
Ford v. Ferrari,"https://m.media-amazon.com/images/M/MV5BM2UwMDVmMDItM2I2Yi00NGZmLTk4ZTUtY2JjNTQ3OGQ5ZjM2XkEyXkFqcGdeQXVyMTA1OTYzOTUx._V1_UY67_CR0,0,45,67_AL_.jpg"
Da 5 Bloods,"https://m.media-amazon.com/images/M/MV5BNjE4ODEwNzktYjg5Yi00N2YxLWExMmEtMmQyZTBiYWI4MGQwXkEyXkFqcGdeQXVyMTEyMjM2NDc2._V1_UY67_CR0,0,45,67_AL_.jpg"
Avengers: Endgame,"https://m.media-amazon.com/images/M/MV5BMTc5MDE2ODcwNV5BMl5BanBnXkFtZTgwMzI2NzQ2NzM@._V1_UY67_CR0,0,45,67_AL_.jpg"
The King's Man,"https://m.media-amazon.com/images/M/MV5BZGE2MmQ0ZTEtM2FjOC00OTE1LTlmYjMtYjlkMzllN2RlOTBiXkEyXkFqcGdeQXVyMTEyMjM2NDc2._V1_UY67_CR0,0,45,67_AL_.jpg"
Joker,"https://m.media-amazon.com/images/M/MV5BNGVjNWI4ZGUtNzE0MS00YTJmLWE0ZDctN2ZiYTk2YmI3NTYyXkEyXkFqcGdeQXVyMTkxNjUyNQ@@._V1_UY67_CR0,0,45,67_AL_.jpg"
The Invisible Man,"https://m.media-amazon.com/images/M/MV5BZjFhM2I4ZDYtZWMwNC00NTYzLWE3MDgtNjgxYmM3ZWMxYmVmXkEyXkFqcGdeQXVyMTkxNjUyNQ@@._V1_UX45_CR0,0,45,67_AL_.jpg"
7500,"https://m.media-amazon.com/images/M/MV5BYjE4YzU1YWMtYzE3Zi00ZjViLWJjMmEtOTA1NWVkNGFlM2U5XkEyXkFqcGdeQXVyODE0OTU5Nzg@._V1_UY67_CR0,0,45,67_AL_.jpg"
You Should Have Left,"https://m.media-amazon.com/images/M/MV5BYTMxMTJhNWQtYzQwMC00MThhLTkzNjMtMDljMGE1MmE1NWM2XkEyXkFqcGdeQXVyODkxMzcxOTY@._V1_UX45_CR0,0,45,67_AL_.jpg"
Dune,"https://m.media-amazon.com/images/M/MV5BOWE5MGY1MjEtZWExYS00MTM3LTgwNzItMzhiMWJhMWZlOTA0XkEyXkFqcGdeQXVyMTU5MjAyODQ@._V1_UY67_CR31,0,45,67_AL_.jpg"
Force of Nature,"https://m.media-amazon.com/images/M/MV5BNjZjODI5NmUtZTM3ZS00ZDkyLWJiMDYtYjI4MzFhODg1MDFmXkEyXkFqcGdeQXVyOTg4MDYyNw@@._V1_UX45_CR0,0,45,67_AL_.jpg"
Uncut Gems,"https://m.media-amazon.com/images/M/MV5BZDhkMjUyYjItYWVkYi00YTM5LWE4MGEtY2FlMjA3OThlYmZhXkEyXkFqcGdeQXVyODk4OTc3MTY@._V1_UX45_CR0,0,45,67_AL_.jpg"
An American Pickle,"https://m.media-amazon.com/images/M/MV5BZTM2Y2Y0M2ItNzk5MC00NDZhLTlmYTUtNWViNjBkYjMxYzQ3XkEyXkFqcGdeQXVyMTY5NDc5OQ@@._V1_UY67_CR2,0,45,67_AL_.jpg"
Back to the Future,"https://m.media-amazon.com/images/M/MV5BZmU0M2Y1OGUtZjIxNi00ZjBkLTg1MjgtOWIyNThiZWIwYjRiXkEyXkFqcGdeQXVyMTQxNzMzNDI@._V1_UX45_CR0,0,45,67_AL_.jpg"
1917,"https://m.media-amazon.com/images/M/MV5BOTdmNTFjNDEtNzg0My00ZjkxLTg1ZDAtZTdkMDc2ZmFiNWQ1XkEyXkFqcGdeQXVyNTAzNzgwNTg@._V1_UX45_CR0,0,45,67_AL_.jpg"
Midsommar,"https://m.media-amazon.com/images/M/MV5BMzQxNzQzOTQwM15BMl5BanBnXkFtZTgwMDQ2NTcwODM@._V1_UY67_CR0,0,45,67_AL_.jpg"
Frozen 2,"https://m.media-amazon.com/images/M/MV5BMjA0YjYyZGMtN2U0Ni00YmY4LWJkZTItYTMyMjY3NGYyMTJkXkEyXkFqcGdeQXVyNDg4NjY5OTQ@._V1_UY67_CR0,0,45,67_AL_.jpg"
The Hunt,"https://m.media-amazon.com/images/M/MV5BNjg4MjRhZjgtNTIxOS00MmRjLTg4NTEtNjBkNzkwZjAxMjMyXkEyXkFqcGdeQXVyMTkxNjUyNQ@@._V1_UX45_CR0,0,45,67_AL_.jpg"
Wasp Network,"https://m.media-amazon.com/images/M/MV5BZjI4MGJmNWUtZDFlNy00OTMzLWEyZWMtMDg4ODdmZDg1YmUxXkEyXkFqcGdeQXVyMTkzODUwNzk@._V1_UY67_CR2,0,45,67_AL_.jpg"
Freaks,"https://m.media-amazon.com/images/M/MV5BZDIzNDk0YWYtZjQwZC00NTljLWFiNDktYzRkNDc0MWY5NWQ5XkEyXkFqcGdeQXVyMTkxNjUyNQ@@._V1_UY67_CR0,0,45,67_AL_.jpg"
Ferris Bueller's Day Off,"https://m.media-amazon.com/images/M/MV5BMDA0NjZhZWUtNmI2NC00MmFjLTgwZDYtYzVjZmNhMDVmOTBkXkEyXkFqcGdeQXVyMTQxNzMzNDI@._V1_UX45_CR0,0,45,67_AL_.jpg"
The Shawshank Redemption,"https://m.media-amazon.com/images/M/MV5BMDFkYTc0MGEtZmNhMC00ZDIzLWFmNTEtODM1ZmRlYWMwMWFmXkEyXkFqcGdeQXVyMTMxODk2OTU@._V1_UY67_CR0,0,45,67_AL_.jpg"
Jumanji: The Next Level,"https://m.media-amazon.com/images/M/MV5BOTVjMmFiMDUtOWQ4My00YzhmLWE3MzEtODM1NDFjMWEwZTRkXkEyXkFqcGdeQXVyMTkxNjUyNQ@@._V1_UY67_CR0,0,45,67_AL_.jpg"
The Wolf of Wall Street,"https://m.media-amazon.com/images/M/MV5BMjIxMjgxNTk0MF5BMl5BanBnXkFtZTgwNjIyOTg2MDE@._V1_UY67_CR0,0,45,67_AL_.jpg"
Snowpiercer,"https://m.media-amazon.com/images/M/MV5BMTQ3NzA1MTY3MV5BMl5BanBnXkFtZTgwNzE2Mzg5MTE@._V1_UY67_CR0,0,45,67_AL_.jpg"
Avengers: Infinity War,"https://m.media-amazon.com/images/M/MV5BMjMxNjY2MDU1OV5BMl5BanBnXkFtZTgwNzY1MTUwNTM@._V1_UY67_CR0,0,45,67_AL_.jpg"
Scoob!,"https://m.media-amazon.com/images/M/MV5BZTJmODM0MDQtMTRjYy00YWZjLThjODItMzQ5N2I2NDBjYzA1XkEyXkFqcGdeQXVyMDA4NzMyOA@@._V1_UY67_CR2,0,45,67_AL_.jpg"
Inception,"https://m.media-amazon.com/images/M/MV5BMjAxMzY3NjcxNF5BMl5BanBnXkFtZTcwNTI5OTM0Mw@@._V1_UY67_CR0,0,45,67_AL_.jpg"
Gemini Man,"https://m.media-amazon.com/images/M/MV5BZDJlYzMyZTctYzBiMi00Y2E5LTk4YzgtNzU5YzE0MDZkY2EwXkEyXkFqcGdeQXVyMTA3MTA4Mzgw._V1_UY67_CR0,0,45,67_AL_.jpg"
No Time to Die,"https://m.media-amazon.com/images/M/MV5BNGEwMDU2ZDQtZmE5Zi00YjFiLWIwYWItOGMyMzY5MzljOWU3XkEyXkFqcGdeQXVyODk2NDQ3MTA@._V1_UY67_CR0,0,45,67_AL_.jpg"
Desperados,"https://m.media-amazon.com/images/M/MV5BNTdlNmE0MWQtMWVjMC00MzRiLWJhN2MtN2NjNDFlNDg3MTY1XkEyXkFqcGdeQXVyODc0OTEyNDU@._V1_UY67_CR1,0,45,67_AL_.jpg"
Interstellar,"https://m.media-amazon.com/images/M/MV5BZjdkOTU3MDktN2IxOS00OGEyLWFmMjktY2FiMmZkNWIyODZiXkEyXkFqcGdeQXVyMTMxODk2OTU@._V1_UY67_CR0,0,45,67_AL_.jpg"
The Godfather,"https://m.media-amazon.com/images/M/MV5BM2MyNjYxNmUtYTAwNi00MTYxLWJmNWYtYzZlODY3ZTk3OTFlXkEyXkFqcGdeQXVyNzkwMjQ5NzM@._V1_UY67_CR1,0,45,67_AL_.jpg"
Extraction,"https://m.media-amazon.com/images/M/MV5BMDJiNzUwYzEtNmQ2Yy00NWE4LWEwNzctM2M0MjE0OGUxZTA3XkEyXkFqcGdeQXVyMTMxODk2OTU@._V1_UY67_CR0,0,45,67_AL_.jpg"
Star Wars: Episode IX - The Rise of Skywalker,"https://m.media-amazon.com/images/M/MV5BMDljNTQ5ODItZmQwMy00M2ExLTljOTQtZTVjNGE2NTg0NGIxXkEyXkFqcGdeQXVyODkzNTgxMDg@._V1_UY67_CR0,0,45,67_AL_.jpg"
Birds of Prey: And the Fantabulous Emancipation of One Harley Quinn,"https://m.media-amazon.com/images/M/MV5BMzQ3NTQxMjItODBjYi00YzUzLWE1NzQtZTBlY2Y2NjZlNzkyXkEyXkFqcGdeQXVyMTkxNjUyNQ@@._V1_UY67_CR0,0,45,67_AL_.jpg"
Jojo Rabbit,"https://m.media-amazon.com/images/M/MV5BZjU0Yzk2MzEtMjAzYy00MzY0LTg2YmItM2RkNzdkY2ZhN2JkXkEyXkFqcGdeQXVyNDg4NjY5OTQ@._V1_UX45_CR0,0,45,67_AL_.jpg"
Charlie's Angels,"https://m.media-amazon.com/images/M/MV5BN2VkMjQwZWMtMzc1NC00ZjJiLWJlNTMtNmRjOTE2ZTJmYzUwXkEyXkFqcGdeQXVyMjUxMTY3ODM@._V1_UY67_CR2,0,45,67_AL_.jpg"
Harry Potter and the Sorcerer's Stone,"https://m.media-amazon.com/images/M/MV5BNjQ3NWNlNmQtMTE5ZS00MDdmLTlkZjUtZTBlM2UxMGFiMTU3XkEyXkFqcGdeQXVyNjUwNzk3NDc@._V1_UY67_CR0,0,45,67_AL_.jpg"
Little Women,"https://m.media-amazon.com/images/M/MV5BY2QzYTQyYzItMzAwYi00YjZlLThjNTUtNzMyMDdkYzJiNWM4XkEyXkFqcGdeQXVyMTkxNjUyNQ@@._V1_UY67_CR0,0,45,67_AL_.jpg"
Ready or Not,"https://m.media-amazon.com/images/M/MV5BYzBkMzAyMDUtZTFkZS00OWUyLTgwM2ItNGI3MTQ5NzA3NTVkXkEyXkFqcGdeQXVyMTkxNjUyNQ@@._V1_UX45_CR0,0,45,67_AL_.jpg"
The Dark Knight,"https://m.media-amazon.com/images/M/MV5BMTMxNTMwODM0NF5BMl5BanBnXkFtZTcwODAyMTk2Mw@@._V1_UY67_CR0,0,45,67_AL_.jpg"
The Silence of the Lambs,"https://m.media-amazon.com/images/M/MV5BNjNhZTk0ZmEtNjJhMi00YzFlLWE1MmEtYzM1M2ZmMGMwMTU4XkEyXkFqcGdeQXVyNjU0OTQ0OTY@._V1_UY67_CR0,0,45,67_AL_.jpg"
Ava,"https://m.media-amazon.com/images/M/MV5BMTMzMTg1MjgtOWNhYy00NmZmLWExOTctMjA2OTZhZDFkNDhhXkEyXkFqcGdeQXVyNzAwMjU2MTY@._V1_UY67_CR0,0,45,67_AL_.jpg"
The Wrong Missy,"https://m.media-amazon.com/images/M/MV5BY2QwZWJlZjMtNzU5NC00NTA0LWI1MjQtYWQ1ZTg4NWZmNjdkXkEyXkFqcGdeQXVyMTEyMjM2NDc2._V1_UY67_CR0,0,45,67_AL_.jpg"
Mulan,"https://m.media-amazon.com/images/M/MV5BMjFlZjZkMTYtODM2Zi00OTM4LWIwYTktOTFjMmQzZDEzZDc4XkEyXkFqcGdeQXVyNDg4NjY5OTQ@._V1_UY67_CR0,0,45,67_AL_.jpg"
The Lord of the Rings: The Fellowship of the Ring,"https://m.media-amazon.com/images/M/MV5BN2EyZjM3NzUtNWUzMi00MTgxLWI0NTctMzY4M2VlOTdjZWRiXkEyXkFqcGdeQXVyNDUzOTQ5MjY@._V1_UY67_CR0,0,45,67_AL_.jpg"
Ad Astra,"https://m.media-amazon.com/images/M/MV5BZTllZTdlOGEtZTBmMi00MGQ5LWFjN2MtOGEyZTliNGY1MzFiXkEyXkFqcGdeQXVyODk4OTc3MTY@._V1_UY67_CR0,0,45,67_AL_.jpg"
Independence Day,"https://m.media-amazon.com/images/M/MV5BMGQwNDNkMmItYWY1Yy00YTZmLWE5OTAtODU0MGZmMzQ1NDdkXkEyXkFqcGdeQXVyMTQxNzMzNDI@._V1_UX45_CR0,0,45,67_AL_.jpg"
Trolls World Tour,"https://m.media-amazon.com/images/M/MV5BMTI5NmViY2YtNDk5NC00NjY2LWFlNGYtOGEwNzY1MTZmMjFmXkEyXkFqcGdeQXVyMTMxODk2OTU@._V1_UX45_CR0,0,45,67_AL_.jpg"
Top Gun: Maverick,"https://m.media-amazon.com/images/M/MV5BNTEyYTA5YWYtYmIxYS00NWRlLWExNjMtNjliZmVlZDgxNTBlXkEyXkFqcGdeQXVyODk4OTc3MTY@._V1_UY67_CR0,0,45,67_AL_.jpg"
Greyhound,"https://m.media-amazon.com/images/M/MV5BZTFkZjYxNWItZmE2MC00MGE4LWIxYTgtZmIzOWM1YmI2YWEzXkEyXkFqcGdeQXVyMDM2NDM2MQ@@._V1_UX45_CR0,0,45,67_AL_.jpg"
Rocketman,"https://m.media-amazon.com/images/M/MV5BYmIzNjUxZGQtYjg0OS00MmE0LTgwZDAtMzVmODQ2MGI5MTQ5XkEyXkFqcGdeQXVyMTA3MTA4Mzgw._V1_UX45_CR0,0,45,67_AL_.jpg"
The Shining,"https://m.media-amazon.com/images/M/MV5BZWFlYmY2MGEtZjVkYS00YzU4LTg0YjQtYzY1ZGE3NTA5NGQxXkEyXkFqcGdeQXVyMTQxNzMzNDI@._V1_UX45_CR0,0,45,67_AL_.jpg"
Line of Duty,"https://m.media-amazon.com/images/M/MV5BYTkxYzIxOTYtNDkzOS00NWZjLWFjM2YtY2RhNDNkNGU1OTRkXkEyXkFqcGdeQXVyODk0OTcwMTk@._V1_UY67_CR0,0,45,67_AL_.jpg"
Mamma Mia! Here We Go Again,"https://m.media-amazon.com/images/M/MV5BMjEwMTM3OTI1NV5BMl5BanBnXkFtZTgwNDk5NTY0NTM@._V1_UX45_CR0,0,45,67_AL_.jpg"
The Last Airbender,"https://m.media-amazon.com/images/M/MV5BMTM1NjE0NDA0MV5BMl5BanBnXkFtZTcwODE4NDg1Mw@@._V1_UY67_CR0,0,45,67_AL_.jpg"
Hereditary,"https://m.media-amazon.com/images/M/MV5BOTU5MDg3OGItZWQ1Ny00ZGVmLTg2YTUtMzBkYzQ1YWIwZjlhXkEyXkFqcGdeQXVyNTAzMTY4MDA@._V1_UY67_CR0,0,45,67_AL_.jpg"
Soul,"https://m.media-amazon.com/images/M/MV5BMzYyNTJhZjAtMjhlZC00NWFjLThhZTUtMzg3ZGE2OTUzZTAzXkEyXkFqcGdeQXVyMzEyMDQzNzY@._V1_UY67_CR4,0,45,67_AL_.jpg"
Bad Boys for Life,"https://m.media-amazon.com/images/M/MV5BMWU0MGYwZWQtMzcwYS00NWVhLTlkZTAtYWVjOTYwZTBhZTBiXkEyXkFqcGdeQXVyMTkxNjUyNQ@@._V1_UY67_CR0,0,45,67_AL_.jpg"
Balle perdue,"https://m.media-amazon.com/images/M/MV5BN2M5MzE4NTMtMDNmOC00ZDQyLTkwYjUtZWY5ZDQ1MjYwNDZiXkEyXkFqcGdeQXVyMTMxODk2OTU@._V1_UY67_CR1,0,45,67_AL_.jpg"
Jurassic Park,"https://m.media-amazon.com/images/M/MV5BMjM2MDgxMDg0Nl5BMl5BanBnXkFtZTgwNTM2OTM5NDE@._V1_UX45_CR0,0,45,67_AL_.jpg"
The Batman,"https://m.media-amazon.com/images/M/MV5BZjE4MTdhNGYtMjA1My00ODU1LTg0NzQtZDdiMmY0Y2E4NzY1XkEyXkFqcGdeQXVyMTkxNjUyNQ@@._V1_UY67_CR2,0,45,67_AL_.jpg"
Clueless,"https://m.media-amazon.com/images/M/MV5BMzBmOGQ0NWItOTZjZC00ZDAxLTgyOTEtODJiYWQ2YWNiYWVjXkEyXkFqcGdeQXVyNTE1NjY5Mg@@._V1_UX45_CR0,0,45,67_AL_.jpg"
Zodiac,"https://m.media-amazon.com/images/M/MV5BN2UwNDc5NmEtNjVjZS00OTI5LWE5YjctMWM3ZjBiZGYwMGI2XkEyXkFqcGdeQXVyNzkwMjQ5NzM@._V1_UY67_CR0,0,45,67_AL_.jpg"
Pulp Fiction,"https://m.media-amazon.com/images/M/MV5BNGNhMDIzZTUtNTBlZi00MTRlLWFjM2ItYzViMjE3YzI5MjljXkEyXkFqcGdeQXVyNzkwMjQ5NzM@._V1_UY67_CR0,0,45,67_AL_.jpg"
Saving Private Ryan,"https://m.media-amazon.com/images/M/MV5BZjhkMDM4MWItZTVjOC00ZDRhLThmYTAtM2I5NzBmNmNlMzI1XkEyXkFqcGdeQXVyNDYyMDk5MTU@._V1_UY67_CR0,0,45,67_AL_.jpg"
Wonder Woman 1984,"https://m.media-amazon.com/images/M/MV5BYzAyOGJkMzUtMmRjYS00NGJmLWExNGEtYzI2YjVmMmQzMzFiXkEyXkFqcGdeQXVyMTkxNjUyNQ@@._V1_UY67_CR0,0,45,67_AL_.jpg"
The Green Mile,"https://m.media-amazon.com/images/M/MV5BMTUxMzQyNjA5MF5BMl5BanBnXkFtZTYwOTU2NTY3._V1_UY67_CR0,0,45,67_AL_.jpg"
Django Unchained,"https://m.media-amazon.com/images/M/MV5BMjIyNTQ5NjQ1OV5BMl5BanBnXkFtZTcwODg1MDU4OA@@._V1_UY67_CR0,0,45,67_AL_.jpg"
Athlete A,"https://m.media-amazon.com/images/M/MV5BZGQ2Y2NhMGMtNzFlNS00OTU3LTg4NmYtMzEyODhkZDAxMTk1XkEyXkFqcGdeQXVyODc0OTEyNDU@._V1_UY67_CR1,0,45,67_AL_.jpg"
Guns Akimbo,"https://m.media-amazon.com/images/M/MV5BNzU3ZTI1OTktNjVkNy00OWEzLWIyNzAtMWQ5YjRkZDU1ZjAxXkEyXkFqcGdeQXVyODk4OTc3MTY@._V1_UY67_CR0,0,45,67_AL_.jpg"
Mission: Impossible - Fallout,"https://m.media-amazon.com/images/M/MV5BNjRlZmM0ODktY2RjNS00ZDdjLWJhZGYtNDljNWZkMGM5MTg0XkEyXkFqcGdeQXVyNjAwMjI5MDk@._V1_UX45_CR0,0,45,67_AL_.jpg"
The Greatest Showman,"https://m.media-amazon.com/images/M/MV5BMjI1NDYzNzY2Ml5BMl5BanBnXkFtZTgwODQwODczNTM@._V1_UY67_CR0,0,45,67_AL_.jpg"
The Mountain Between Us,"https://m.media-amazon.com/images/M/MV5BNjllMWJmZTEtODA2Mi00MzY3LThiYmMtZDFjYjQ2NDM2MWJkXkEyXkFqcGdeQXVyMTMxODk2OTU@._V1_UY67_CR0,0,45,67_AL_.jpg"
The Princess Bride,"https://m.media-amazon.com/images/M/MV5BMGM4M2Q5N2MtNThkZS00NTc1LTk1NTItNWEyZjJjNDRmNDk5XkEyXkFqcGdeQXVyMjA0MDQ0Mjc@._V1_UY67_CR0,0,45,67_AL_.jpg"
Ocean's Eight,"https://m.media-amazon.com/images/M/MV5BMjAyNDEyMzc4Ml5BMl5BanBnXkFtZTgwMjEzNjM0NTM@._V1_UY67_CR0,0,45,67_AL_.jpg"
Ready Player One,"https://m.media-amazon.com/images/M/MV5BY2JiYTNmZTctYTQ1OC00YjU4LWEwMjYtZjkwY2Y5MDI0OTU3XkEyXkFqcGdeQXVyNTI4MzE4MDU@._V1_UY67_CR0,0,45,67_AL_.jpg"
Just Mercy,"https://m.media-amazon.com/images/M/MV5BYmM4YzA5NjUtZGEyOS00YzllLWJmM2UtZjhhNmJhM2E1NjUxXkEyXkFqcGdeQXVyMTkxNjUyNQ@@._V1_UY67_CR0,0,45,67_AL_.jpg"
Jay and Silent Bob Reboot,"https://m.media-amazon.com/images/M/MV5BMDBiN2Y1NTMtYzc1ZS00ODlhLWI3NGYtY2M5ODA1ZmY4ZTdjXkEyXkFqcGdeQXVyMzQwMTY2Nzk@._V1_UY67_CR0,0,45,67_AL_.jpg"
